Date,ADANIPORTS,ASIANPAINT,AXISBANK,BAJAJ-AUTO,BAJFINANCE,BAJAJFINSV,BPCL,BHARTIARTL,BRITANNIA,CIPLA,COALINDIA,DIVISLAB,DRREDDY,EICHERMOT,GRASIM,HCLTECH,HDFCBANK,HDFCLIFE,HEROMOTOCO,HINDALCO,HINDUNILVR,HDFC,ICICIBANK,ITC,IOC,INDUSINDBK,INFY,JSWSTEEL,KOTAKBANK,LT,M&M,MARUTI,NTPC,NESTLEIND,ONGC,POWERGRID,RELIANCE,SBILIFE,SHREECEM,SBIN,SUNPHARMA,TCS,TATACONSUM,TATAMOTORS,TATASTEEL,TECHM,TITAN,UPL,ULTRACEMCO,WIPRO,ADANIPORTS_1d,ADANIPORTS_2d,ADANIPORTS_3d,ADANIPORTS_4d,ADANIPORTS_5d,ADANIPORTS_6d,ADANIPORTS_7d,ADANIPORTS_target
2021-06-07,878.6,2933.1,751.1,4249.75,5729.75,11828.55,481.4,536.45,3542.6,939.8,156.25,4229.95,5219.2,2754.45,1501.0,949.6,1499.85,680.1,3052.25,395.0,2339.3,2585.75,648.2,211.45,114.7,1025.2,1389.65,715.75,1814.9,1557.8,803.85,7275.65,116.4,17532.55,125.15,236.25,2227.4,988.5,29155.8,432.25,675.35,3183.2,699.95,345.5,1128.7,1034.4,1685.1,850.5,6849.65,548.25,-0.005007967220578166,-0.029592533576143866,-0.03625085363077626,-0.04421807420896884,-0.12536990666970177,-0.13288185750056908,-0.19565217391304346,-1
2021-06-08,874.2,2926.25,746.35,4269.9,5755.4,11733.1,487.45,546.8,3601.75,953.75,156.0,4241.2,5274.75,2763.8,1503.15,967.2,1483.05,689.7,3055.95,387.75,2359.0,2554.5,642.4,213.65,116.7,1020.15,1412.95,707.5,1793.55,1549.15,807.85,7336.75,116.2,17482.6,124.8,234.05,2214.6,979.85,28955.35,427.2,678.75,3200.15,710.45,352.75,1111.1,1057.75,1712.5,853.55,6794.4,550.6,-0.024708304735758434,-0.03140013726835969,-0.03940745824754066,-0.12096774193548386,-0.12851750171585452,-0.19160375200183025,-0.2600091512239763,-1
2021-06-09,852.6,2943.55,736.75,4224.5,5674.5,11558.85,485.05,540.0,3574.7,958.65,156.4,4267.45,5222.8,2729.05,1492.05,971.3,1480.3,684.9,3023.5,383.15,2356.0,2544.75,636.1,212.5,114.95,1003.55,1415.3,697.85,1782.9,1519.3,804.45,7239.0,118.1,17557.15,124.05,242.1,2175.0,998.6,28407.35,421.45,672.85,3200.25,702.85,343.35,1101.0,1052.25,1730.75,845.55,6724.75,544.2,-0.006861365235749498,-0.015071545859723225,-0.098698099929627,-0.10643912737508797,-0.1711236218625381,-0.24126202205019945,-0.18560872624912034,-1
2021-06-10,846.75,2950.6,744.25,4179.9,6086.4,11993.1,483.55,545.15,3576.3,974.2,156.5,4372.55,5292.05,2705.05,1492.5,968.55,1481.05,689.25,3009.0,385.4,2378.8,2561.9,640.4,209.3,115.95,1024.35,1424.3,705.8,1799.55,1519.7,806.95,7199.9,118.5,17556.1,123.95,241.65,2183.0,997.55,28225.8,432.25,676.05,3216.8,707.7,344.75,1114.45,1064.9,1738.65,838.7,6709.65,554.25,-0.008266902863891349,-0.09247121346324175,-0.10026572187776792,-0.1653971065839976,-0.23602007676409806,-0.17998228520814877,-0.13664009447888992,-1
2021-06-11,839.75,2956.25,738.45,4172.5,6120.0,11907.5,483.6,540.85,3557.9,967.85,162.65,4334.5,5453.0,2746.4,1490.6,983.35,1486.35,682.6,3004.35,393.15,2366.5,2559.8,635.7,207.9,115.1,1015.1,1446.9,731.2,1794.35,1503.45,809.0,7223.8,118.8,17536.4,123.55,246.3,2213.15,988.1,28056.0,429.6,681.3,3273.8,715.4,350.75,1158.35,1073.0,1728.45,835.15,6662.85,554.3,-0.08490622208990765,-0.09276570407859479,-0.15844001190830598,-0.22965168204822867,-0.17314676987198568,-0.12944328669246805,-0.11533194403096163,-1
2021-06-14,768.45,2949.9,736.25,4146.5,6194.15,11926.15,483.7,539.35,3591.25,976.15,159.35,4388.05,5461.35,2744.95,1493.0,984.2,1479.45,681.7,2985.65,394.8,2364.6,2539.2,635.15,207.3,114.75,1024.3,1461.8,729.15,1768.05,1515.75,807.45,7177.85,118.2,17577.5,124.8,248.7,2244.9,986.15,28334.05,430.35,677.1,3276.35,714.75,355.95,1164.8,1069.25,1734.8,834.6,6678.5,561.6,-0.008588717548311565,-0.08035656191033899,-0.1581755481814042,-0.09642787429240682,-0.04866939944043215,-0.03324874747869096,-0.06474071182249984,-1
2021-06-15,761.85,3042.2,750.9,4138.1,6161.15,11798.7,481.9,542.5,3631.85,969.7,157.15,4313.05,5410.85,2763.5,1495.25,985.45,1490.25,692.55,3007.05,390.85,2391.95,2545.1,645.3,207.05,115.75,1034.45,1473.9,725.1,1770.9,1510.8,808.6,7166.25,117.8,17684.8,125.35,247.6,2250.0,995.85,28485.9,429.5,673.2,3262.75,719.5,352.7,1174.3,1066.85,1723.4,841.8,6668.3,557.9,-0.07238957800091879,-0.15088271969547817,-0.08860011813349085,-0.04042790575572628,-0.024873662794513415,-0.05663844588829819,-0.06818927610422004,-1
2021-06-16,706.7,3018.7,749.8,4110.45,6081.6,11856.15,481.25,536.75,3639.45,956.75,155.55,4300.7,5406.1,2741.05,1469.2,979.4,1484.6,692.15,2975.4,380.25,2407.9,2521.45,640.1,207.85,115.9,1013.7,1480.6,705.4,1760.6,1490.9,806.15,7114.25,119.8,17965.2,126.7,242.15,2211.6,991.8,28224.75,425.95,668.55,3274.35,735.9,349.35,1142.15,1069.15,1714.95,838.2,6587.4,555.25,-0.08461865006367633,-0.017475590774020125,0.034455921890476734,0.05122399886797783,0.01698033111645677,0.004528088297721709,0.0077826517617093525,-1
2021-06-17,646.9,3060.3,738.6,4053.9,6050.25,11818.55,476.9,528.65,3658.15,950.95,152.15,4302.35,5286.5,2673.75,1458.2,986.4,1466.1,700.3,2914.1,369.25,2417.7,2487.3,633.0,205.65,114.6,984.05,1495.3,696.35,1766.05,1487.55,805.7,6969.35,117.4,18059.05,125.1,239.85,2215.65,983.3,28368.1,420.25,665.05,3317.75,745.0,345.65,1103.75,1080.25,1711.4,835.05,6704.85,558.7,0.07334982222909267,0.1300819292008038,0.1484000618333591,0.11099087957953327,0.09738754057814192,0.1009429587262329,0.10720358633482768,1
2021-06-18,694.35,3047.2,736.3,4167.1,6087.05,11999.35,472.35,538.75,3619.2,960.9,146.4,4197.3,5283.9,2707.55,1480.75,975.25,1479.8,709.2,2891.35,371.35,2482.9,2488.1,630.4,204.55,112.3,995.4,1503.3,670.6,1760.45,1476.0,781.55,6959.35,113.55,17670.65,120.25,233.0,2225.65,982.55,28045.8,412.9,668.5,3297.3,739.8,337.4,1092.3,1070.7,1711.3,808.0,6693.9,549.8,0.052855188305609466,0.06992150932526817,0.03506876935263199,0.0223950457262187,0.02570749621948588,0.03154028947936916,0.023979261179520383,1
2021-06-21,731.05,3068.55,739.55,4182.65,6116.0,12156.4,475.05,539.6,3648.85,960.15,147.5,4229.1,5282.0,2698.45,1496.65,982.0,1488.7,718.75,2894.85,367.6,2514.35,2516.4,631.25,204.45,112.65,1007.55,1500.3,672.95,1772.05,1467.05,776.85,6899.9,118.0,17649.15,120.95,234.85,2237.25,981.55,28225.35,419.75,671.35,3273.1,742.55,334.3,1106.15,1062.9,1742.85,772.2,6775.5,542.15,0.016209561589494596,-0.016893509335886615,-0.028930989672389,-0.0257848300389849,-0.020244853293208336,-0.027426304630326182,-0.03741194172765189,-1
2021-06-22,742.9,3010.8,739.35,4221.6,6016.8,12131.65,473.65,536.4,3650.9,955.85,148.7,4288.75,5308.35,2718.2,1496.3,980.1,1483.8,716.75,2907.05,367.55,2490.25,2522.9,630.85,205.1,113.85,1000.1,1511.85,675.25,1757.1,1499.2,775.2,7265.4,118.3,17436.55,122.05,234.05,2225.75,1007.0,29239.05,418.65,666.8,3301.2,756.7,337.9,1112.3,1057.2,1757.0,802.5,6858.95,556.55,-0.03257504374747602,-0.04442051420110378,-0.04132453896890555,-0.035872930407861055,-0.042939830394400295,-0.052766186566159556,-0.05357383227890693,-1
2021-06-23,718.7,2987.35,732.35,4198.6,6015.6,12282.25,469.6,534.05,3659.3,957.75,148.45,4224.6,5299.35,2728.6,1498.75,972.9,1485.5,717.75,2928.35,368.1,2480.5,2497.2,624.7,203.95,112.9,999.55,1503.15,665.5,1736.7,1479.25,781.95,7432.7,117.25,17414.8,123.35,232.25,2205.35,1000.55,28867.2,418.85,665.25,3261.4,757.85,335.25,1100.1,1056.45,1782.55,804.0,6903.35,540.15,-0.012244330040350727,-0.00904410741616808,-0.003408932795324955,-0.010713788785306867,-0.020871017114234034,-0.021705857798803425,-0.011548629469876259,0
2021-06-24,709.9,3043.25,739.15,4226.9,6043.6,12333.25,466.1,528.75,3689.1,950.9,146.4,4250.35,5277.65,2706.75,1498.9,989.7,1506.25,719.6,2906.95,369.05,2490.15,2487.4,634.05,203.25,111.45,1000.65,1559.2,679.0,1737.9,1504.05,791.8,7527.45,118.0,17619.75,122.0,231.15,2153.5,1002.15,28672.3,417.2,664.8,3373.6,757.45,334.65,1113.15,1080.0,1780.85,813.45,6961.95,549.05,0.0032398929426680776,0.008944921819974676,0.001549514016058632,-0.008733624454148376,-0.009578813917453098,0.000704324552753909,0.00021129736582614067,0
2021-06-25,712.2,3003.9,761.35,4196.15,6075.8,12486.6,470.05,535.1,3670.05,957.1,148.75,4248.75,5309.3,2720.8,1506.85,995.65,1515.1,725.95,2939.2,375.9,2448.65,2509.2,649.0,205.05,111.4,1012.9,1574.2,689.5,1735.0,1523.85,794.25,7649.0,116.05,17506.7,120.9,230.85,2104.45,1007.15,28729.1,428.8,672.25,3380.8,757.6,339.65,1165.25,1089.5,1753.85,805.15,6923.0,547.5,0.005686604886267838,-0.0016849199663016643,-0.011934849761303004,-0.012777309744453836,-0.002527379949452497,-0.0030188149396238287,0.0007020499859590003,0
2021-06-28,716.25,2982.95,762.4,4183.45,6037.05,12377.9,467.15,531.2,3667.25,963.05,147.2,4314.4,5404.25,2740.45,1520.6,985.3,1508.35,696.2,2943.65,382.3,2460.2,2494.95,650.3,203.6,110.85,1008.9,1571.8,695.35,1733.05,1514.45,793.5,7596.25,116.15,17506.15,122.35,231.85,2086.0,1002.1,28390.2,426.75,676.3,3336.75,765.65,342.8,1184.0,1105.1,1728.05,809.1,6869.45,547.4,-0.007329842931937173,-0.01752181500872594,-0.018359511343804504,-0.008167539267015739,-0.008656195462478249,-0.00495636998254793,0.005375218150087292,0
2021-06-29,711.0,3001.5,751.95,4124.65,6052.4,12299.9,466.25,524.95,3657.15,979.6,144.5,4356.15,5433.1,2705.1,1503.3,983.6,1502.05,686.5,2927.5,374.25,2492.55,2501.2,640.1,203.3,108.15,1018.15,1563.05,685.9,1705.85,1510.9,781.6,7487.5,117.6,17599.25,119.4,236.0,2087.8,999.4,28134.45,421.5,677.6,3340.85,758.05,341.55,1172.55,1088.15,1731.6,805.4,6824.7,542.6,-0.010267229254570963,-0.011111111111111079,-0.0008438818565401164,-0.0013361462728551975,0.002390998593530303,0.012798874824191312,0.0009845288326301624,0
2021-06-30,703.7,2992.7,748.3,4133.85,6015.85,12109.05,468.1,525.65,3649.65,971.9,146.65,4408.25,5423.05,2671.15,1498.75,983.5,1497.9,686.3,2902.6,372.05,2471.3,2475.25,630.9,202.7,107.9,1016.35,1580.8,683.9,1705.85,1500.55,777.7,7515.9,116.4,17633.0,117.7,232.4,2110.65,1008.15,27504.6,419.2,675.45,3345.75,754.4,339.6,1166.6,1095.45,1732.5,792.85,6776.0,545.65,-0.0008526360665056454,0.009521102742645917,0.009023731703850943,0.012789540997584198,0.02330538581782006,0.011368480886741509,0.03524229074889861,1
2021-07-01,703.1,3021.6,746.45,4204.55,5967.15,11816.45,462.75,522.65,3595.8,978.1,145.65,4435.7,5558.5,2675.3,1500.3,985.5,1486.75,685.75,2922.5,379.4,2478.0,2459.4,630.85,203.0,107.55,1007.7,1560.4,680.55,1716.1,1492.3,779.45,7584.4,117.35,17646.2,118.85,230.8,2097.95,1006.9,27059.95,420.4,684.15,3341.5,756.05,344.25,1163.55,1085.15,1740.3,791.5,6707.25,539.35,0.010382591381026816,0.009884795903854262,0.013653818802446342,0.02417863746266534,0.012231546010524851,0.036125728914805824,0.021262978239226186,1
2021-07-02,710.4,3005.0,750.65,4175.35,5997.75,11750.45,462.75,525.0,3545.3,979.2,147.65,4519.65,5575.7,2661.0,1489.75,984.65,1480.4,687.5,2919.85,376.05,2487.3,2475.7,640.25,202.4,108.45,1009.65,1567.8,671.3,1715.15,1485.65,782.6,7573.85,117.5,17602.0,118.45,227.95,2129.05,1007.2,27014.9,424.4,681.25,3325.45,763.6,344.9,1136.0,1089.4,1754.75,799.35,6719.9,538.6,-0.0004926801801802122,0.0032376126126127088,0.013654279279279345,0.001829954954955051,0.025478603603603635,0.01076858108108105,-0.009009009009008978,0
2021-07-05,710.05,3014.8,760.35,4201.5,6072.7,11923.1,459.7,523.95,3523.55,974.7,149.9,4559.95,5537.9,2701.05,1489.7,979.75,1495.45,677.9,2938.05,389.55,2499.05,2494.9,647.85,203.65,108.8,1020.55,1578.95,672.75,1731.1,1507.95,791.75,7599.45,118.6,17641.35,120.95,230.3,2150.2,1009.85,26987.6,432.65,680.2,3321.0,766.3,346.1,1156.85,1074.65,1749.9,807.6,6719.85,536.35,0.0037321315400325205,0.014153932821632376,0.002323780015491995,0.025984085627772758,0.011266812196324203,-0.008520526723470114,-0.01802689951411866,0
2021-07-06,712.7,3002.5,758.35,4195.4,6202.4,12090.8,458.05,526.1,3519.0,969.1,147.5,4524.2,5539.45,2711.15,1497.25,972.05,1534.7,680.05,2919.25,385.35,2472.5,2496.4,650.3,202.5,108.4,1031.05,1562.2,673.15,1755.35,1505.5,781.9,7514.95,117.65,17470.1,121.5,228.8,2124.8,1023.15,27769.1,429.75,673.25,3262.3,762.6,316.9,1167.25,1049.55,1762.8,803.3,6933.05,532.6,0.01038305037182542,-0.0014031149151115475,0.022169215658762387,0.007506664795846652,-0.012207099761470528,-0.021678125438473472,-0.01908236284551708,0
2021-07-07,720.1,3040.1,762.9,4188.25,6198.6,12374.15,460.5,529.6,3521.35,965.2,147.55,4552.55,5562.1,2710.85,1493.85,975.35,1539.5,685.2,2913.35,393.65,2481.65,2529.2,654.0,203.75,107.95,1044.9,1564.6,690.4,1761.8,1516.45,778.9,7449.4,117.45,17716.95,119.9,230.95,2110.05,1014.4,27547.0,432.85,680.1,3274.95,763.05,317.1,1218.65,1045.9,1727.25,816.9,6925.1,532.15,-0.011665046521316452,0.011665046521316452,-0.0028468268296070937,-0.02235800583252329,-0.03173170393000975,-0.029162616303291207,-0.04513262046937925,-1
2021-07-08,711.7,3028.3,754.4,4077.3,6117.8,12333.9,458.2,525.3,3491.4,950.65,146.25,4510.5,5466.75,2729.3,1475.45,976.8,1520.45,681.3,2900.4,383.1,2447.55,2512.05,641.9,202.0,107.55,1045.45,1560.75,668.25,1732.3,1500.7,776.25,7401.2,117.45,17618.9,117.05,231.15,2092.6,1021.6,27581.8,424.45,666.9,3258.5,763.3,306.35,1189.75,1060.15,1726.35,814.1,6901.9,531.0,0.023605451735281655,0.008922298721371236,-0.010819165378670852,-0.02030349866516797,-0.01770408880146132,-0.033862582548826785,-0.05339328368694674,-1
2021-07-09,728.5,3010.6,747.35,3995.9,6136.15,12854.75,456.9,536.25,3475.95,959.8,146.7,4599.7,5460.3,2712.15,1500.15,976.85,1502.0,683.25,2896.8,390.05,2451.45,2496.45,638.55,201.35,107.3,1039.95,1562.9,681.55,1720.05,1499.6,771.55,7425.7,117.8,17636.0,117.9,230.25,2071.2,1019.6,27502.75,423.75,667.9,3208.15,765.95,306.3,1239.35,1051.75,1720.6,814.55,6899.55,525.8,-0.014344543582704249,-0.033630748112560054,-0.04289636238846946,-0.040356897735072034,-0.05614275909402879,-0.07522306108441998,-0.07673301304049414,-1
2021-07-12,718.05,2999.4,753.6,3956.15,6149.55,12908.9,451.0,529.65,3470.4,959.85,146.4,4588.75,5494.3,2709.5,1536.15,979.45,1487.0,682.95,2898.2,388.35,2444.15,2476.95,646.25,201.1,107.2,1049.3,1547.85,694.45,1731.95,1500.75,772.85,7470.1,117.85,17641.4,118.55,229.0,2084.1,1033.45,28034.95,427.45,668.55,3193.1,775.9,307.45,1226.95,1056.6,1719.85,821.45,7093.75,525.85,-0.019566882529071728,-0.028967342107095544,-0.026390919852377875,-0.04240651765197401,-0.061764501079311904,-0.06329642782536025,-0.03655734280342595,-1
2021-07-13,704.0,2993.85,770.75,3966.1,6154.3,12909.4,450.25,530.05,3485.5,965.65,148.1,4606.05,5437.1,2706.7,1576.65,967.95,1501.85,693.4,2904.1,392.25,2436.7,2544.9,664.95,201.85,107.8,1055.9,1544.95,701.4,1747.15,1513.6,781.15,7430.35,119.9,17691.9,120.4,228.65,2099.7,1052.65,28070.4,429.1,683.0,3187.55,772.85,310.95,1228.75,1050.15,1724.25,831.95,7128.85,524.85,-0.009588068181818182,-0.00696022727272724,-0.02329545454545451,-0.04303977272727266,-0.04460227272727269,-0.017329545454545518,-0.034019886363636426,-1
2021-07-14,697.25,3001.95,770.05,3953.85,6133.9,12991.2,448.7,530.05,3485.75,977.15,148.15,4623.2,5390.85,2700.0,1567.8,989.45,1499.15,688.5,2900.7,391.65,2414.85,2531.1,664.35,204.1,107.1,1052.6,1576.9,700.4,1748.15,1544.7,786.15,7326.75,120.75,17539.7,120.8,229.95,2086.0,1052.4,28414.7,431.05,685.95,3214.55,768.2,309.55,1244.7,1078.5,1710.35,819.75,7118.05,561.7,0.0026532807457870533,-0.01384008605234848,-0.033775546790964436,-0.03535317318035135,-0.007816421656507774,-0.02466833990677669,-0.020724273933309494,-1
2021-07-15,699.1,2983.6,774.15,3940.0,6129.7,12958.95,447.05,525.45,3460.85,973.6,146.7,4607.3,5393.65,2667.5,1557.25,1039.75,1520.7,693.65,2884.65,401.45,2412.35,2540.1,667.45,206.25,106.3,1055.1,1580.8,699.1,1750.05,1609.35,779.9,7307.0,120.3,17621.85,116.9,230.4,2082.35,1052.95,28427.45,431.7,683.0,3202.95,772.35,310.25,1255.95,1112.45,1701.55,836.25,7189.65,575.9,-0.016449721069947073,-0.03633242740666568,-0.03790587898726935,-0.010441996853096935,-0.02724932055499938,-0.0233156916034903,-0.05135173794879127,-1
2021-07-16,687.6,2989.3,771.15,3931.95,6125.45,12745.7,448.0,541.15,3441.0,977.15,145.55,4757.6,5406.55,2617.25,1572.3,1005.0,1522.35,698.0,2904.7,405.5,2417.4,2536.9,660.3,207.9,106.1,1044.3,1555.45,703.6,1749.5,1618.75,779.8,7303.55,119.1,17654.2,116.8,233.85,2112.4,1050.25,28096.15,430.0,688.6,3194.8,763.0,311.25,1278.45,1103.15,1695.35,837.55,7334.55,577.75,-0.020215241419429868,-0.02181500872600349,0.006108202443280878,-0.010980221058755188,-0.006980802792321216,-0.03548574752763231,-0.03228621291448523,-1
2021-07-19,673.7,2981.95,755.2,3882.85,6015.4,12721.1,453.9,538.45,3450.15,974.0,144.45,4807.45,5419.35,2579.75,1558.8,1000.2,1471.0,678.7,2887.1,396.95,2408.65,2481.65,655.9,207.75,105.95,1015.85,1541.7,698.4,1722.8,1609.6,775.8,7165.55,121.4,17752.45,114.6,233.15,2098.95,1037.85,27996.85,427.9,689.25,3184.6,765.55,308.85,1266.4,1094.2,1680.35,833.25,7312.35,573.8,-0.0016327742318539746,0.026866557815051074,0.009425560338429433,0.013507495918064284,-0.015585572213151253,-0.012320023749443474,-0.020854979961407255,0
2021-07-20,672.6,3159.05,745.75,3905.4,5941.85,12597.15,453.8,525.75,3433.55,955.15,142.9,4787.85,5344.05,2554.85,1574.1,977.2,1443.15,663.45,2839.0,383.0,2434.9,2458.75,641.9,206.8,105.6,981.55,1550.05,682.0,1702.65,1590.35,760.2,7232.7,118.45,17856.1,112.6,231.3,2093.8,1014.75,28082.9,420.9,676.45,3205.8,757.1,302.15,1233.35,1087.2,1671.4,814.25,7424.7,568.1,0.02854594112399633,0.011076419863217264,0.015165031222123003,-0.01397561700862322,-0.010704727921498729,-0.01925364258102891,0.002824858757062113,0
2021-07-22,691.8,3106.75,746.75,3853.2,6195.55,13064.6,460.9,546.7,3425.3,949.9,144.7,4843.25,5384.5,2560.1,1582.05,978.6,1448.7,662.1,2838.25,393.5,2378.15,2490.3,655.95,207.0,106.7,992.15,1590.2,716.55,1707.2,1642.15,758.45,7299.55,119.2,17994.8,115.5,233.25,2120.7,1026.0,28080.0,422.05,687.3,3216.35,764.2,302.55,1273.0,1148.6,1701.75,828.0,7459.0,584.2,-0.016984677652500724,-0.013009540329575022,-0.04134142815842716,-0.0381613183000867,-0.04647296906620407,-0.025007227522405254,0.000289100896212844,-1
2021-07-23,680.05,3083.75,755.4,3841.9,6180.9,13201.2,461.35,548.3,3439.8,948.0,144.1,4824.75,5422.15,2549.65,1549.5,994.0,1442.75,665.35,2835.0,391.75,2358.1,2482.5,676.65,212.4,106.0,989.3,1590.45,717.55,1722.95,1611.75,764.2,7293.85,118.5,18143.95,115.3,233.0,2105.7,1050.45,27986.4,428.9,694.0,3212.85,775.15,295.55,1281.4,1131.0,1700.95,819.7,7490.3,599.15,0.0040438203073303435,-0.0247775898830967,-0.021542533637232523,-0.029997794279832332,-0.008161164620248445,0.017572237335490105,0.036762002793912216,1
2021-07-26,682.8,3061.2,756.3,3836.35,6162.45,13525.05,456.0,544.05,3482.0,950.55,144.0,4921.15,5411.25,2563.2,1550.25,1000.3,1434.55,663.1,2810.25,400.05,2348.7,2464.3,676.75,211.15,104.65,981.3,1603.9,704.55,1740.6,1597.6,754.3,7235.8,119.35,18101.35,114.55,232.7,2076.85,1076.65,27968.3,423.3,703.4,3197.55,776.35,293.15,1297.95,1120.2,1722.85,819.95,7616.7,590.45,-0.028705330990040877,-0.02548330404217923,-0.03390451083772698,-0.012155828939660157,0.013473930872876459,0.03258640890451084,0.017428236672525032,-1
2021-07-27,663.2,3028.65,731.7,3821.4,6231.45,13807.85,453.3,540.55,3450.75,913.1,142.45,4791.4,4843.35,2571.35,1518.7,992.0,1439.75,668.75,2793.85,417.35,2342.4,2433.95,677.45,208.65,103.95,975.8,1602.55,710.65,1697.95,1608.25,745.55,7240.25,118.85,18226.1,114.65,231.85,2055.0,1105.15,27865.15,429.95,688.3,3182.95,769.75,291.4,1330.65,1120.85,1729.05,812.75,7596.25,591.45,0.0033172496984317425,-0.00535283474065149,0.0170386007237635,0.04342581423401681,0.06310313630880565,0.04749698431845597,0.045762967430639186,1
2021-07-28,665.4,3004.1,722.9,3818.5,6262.0,13970.55,453.45,567.9,3424.1,889.9,144.05,4890.6,4731.75,2550.4,1533.55,983.1,1417.3,664.85,2777.7,416.3,2361.4,2425.8,685.05,209.1,104.0,992.75,1605.6,721.7,1652.85,1594.2,728.7,7165.05,116.8,18022.55,114.35,228.1,2037.35,1133.4,27491.45,425.5,687.8,3197.8,754.9,284.45,1365.0,1119.55,1723.55,814.65,7654.65,591.95,-0.00864141869552149,0.013675984370303611,0.0399759543131951,0.059588217613465555,0.044033663961527005,0.04230538022242257,0.06807935076645637,1
2021-07-29,659.65,2997.45,717.25,3763.75,6400.1,14599.05,449.1,567.15,3405.6,883.1,142.15,4843.8,4672.65,2528.15,1544.6,1007.6,1418.25,662.65,2745.7,458.1,2334.75,2414.8,687.5,206.05,103.9,992.05,1617.0,748.4,1641.65,1596.0,731.45,6993.5,116.75,17914.75,114.75,167.4,2053.25,1128.85,27638.95,441.55,703.0,3195.8,751.2,292.9,1458.6,1127.8,1739.15,819.7,7700.45,590.45,0.022511938149018453,0.04904115818994925,0.068824376563329,0.053134237853407214,0.051390889107860195,0.07738952474797252,0.06101720609414083,1
2021-07-30,674.5,2958.45,708.9,3829.6,6228.1,14222.2,445.5,561.65,3423.4,920.05,143.3,4906.1,4711.2,2530.25,1551.35,1024.95,1426.45,664.05,2763.3,444.8,2333.3,2441.15,682.5,204.95,103.15,981.0,1610.5,736.95,1654.8,1601.45,743.1,6977.7,118.2,17702.65,115.3,171.15,2035.3,1098.6,28265.75,431.8,773.95,3167.45,756.25,293.95,1434.3,1209.55,1714.55,808.55,7619.2,587.15,0.025945144551519646,0.04529280948850994,0.02994810971089703,0.028243143068939887,0.053669384729429274,0.03765752409191991,0.02742772424017791,1
2021-08-02,692.0,2974.05,721.15,3841.55,6200.5,14125.15,457.8,565.15,3504.65,921.05,143.9,4928.95,4701.55,2602.6,1591.65,1035.4,1422.65,670.35,2782.2,445.8,2332.8,2462.05,681.4,207.3,105.5,988.0,1631.55,746.7,1665.1,1613.95,757.7,7076.95,117.75,17714.65,117.1,171.0,2072.5,1107.2,29294.25,434.9,775.0,3219.4,759.55,296.85,1410.05,1210.7,1771.55,791.05,7642.05,592.25,0.01885838150289011,0.0039017341040463085,0.002239884393063518,0.027023121387283303,0.011416184971098232,0.001445086705202312,0.010332369942196499,0
2021-08-03,705.05,3027.0,738.6,3828.2,6331.9,14295.0,463.4,580.2,3573.2,928.15,144.25,5006.85,4721.7,2649.3,1592.4,1039.45,1434.7,673.8,2819.1,448.8,2386.85,2554.65,690.4,209.9,106.15,1022.05,1655.2,740.3,1685.65,1634.35,770.85,7199.4,117.65,18284.1,117.9,174.45,2087.75,1131.7,29203.5,446.5,794.8,3284.9,767.65,303.7,1407.2,1226.25,1840.2,790.55,7843.25,599.4,-0.014679809942557137,-0.016310899936174742,0.008013616055599023,-0.007304446493156482,-0.017090986454861293,-0.008368200836820052,-0.00141833912488476,0
2021-08-04,694.7,3018.6,753.8,3832.0,6359.15,14187.2,457.15,574.4,3578.3,939.65,144.7,4964.25,4768.8,2641.8,1554.85,1039.95,1465.3,675.3,2805.5,442.7,2377.1,2676.05,714.65,208.6,105.3,1020.55,1649.25,747.25,1749.95,1623.2,766.25,7102.9,117.85,18057.35,117.35,175.25,2103.75,1136.85,29133.15,456.95,785.75,3273.95,758.75,298.15,1416.2,1216.5,1799.6,785.0,7750.0,596.8,-0.0016553908161797766,0.023031524399021158,0.007485245429681779,-0.0024470994673960636,0.006405642723477662,0.01345904707067786,0.013602994098171773,0
2021-08-05,693.55,2988.4,749.3,3818.75,6248.25,13994.9,453.5,598.7,3611.15,945.4,145.45,4923.55,4782.3,2732.15,1537.4,1061.15,1484.85,669.5,2818.8,443.1,2357.7,2661.7,702.45,215.25,103.95,997.7,1653.55,763.25,1771.75,1627.4,759.35,7027.55,116.5,18208.75,116.85,175.2,2134.25,1134.75,28966.65,441.85,786.15,3283.95,768.35,299.7,1446.6,1248.2,1799.3,777.25,7659.0,600.9,0.024727849470117642,0.009155792660947333,-0.0007930214115780471,0.00807439982697718,0.01513949967558215,0.015283685386778205,0.019248792444668768,0
2021-08-06,710.7,2966.45,740.85,3847.85,6224.3,14005.65,455.6,607.9,3604.0,911.3,146.1,4916.0,4786.3,2747.35,1531.0,1049.95,1492.65,673.4,2833.8,442.15,2371.5,2628.1,697.65,214.25,105.9,1029.5,1650.2,757.35,1777.2,1610.35,758.25,7100.8,117.65,18020.65,116.65,175.0,2089.05,1150.7,28386.6,435.65,785.2,3309.8,781.35,300.05,1428.85,1264.6,1787.75,777.3,7527.65,598.0,-0.015196285352469491,-0.02490502321654713,-0.016251582946390977,-0.009356971999437302,-0.009216265653581072,-0.005346841142535624,-0.025397495427043854,0
2021-08-09,699.9,2992.55,755.5,3855.15,6193.15,14242.9,452.5,599.25,3636.1,918.65,143.25,4905.7,4818.5,2729.0,1512.15,1050.55,1503.9,667.0,2836.3,434.7,2384.5,2623.9,702.85,213.8,104.4,1042.8,1663.3,747.35,1780.9,1597.45,774.95,7081.75,116.7,18202.3,115.0,176.45,2077.15,1136.45,28272.95,433.4,788.8,3322.7,764.85,298.1,1412.2,1287.45,1799.15,778.1,7495.65,596.8,-0.009858551221603054,-0.0010715816545220746,0.005929418488355447,0.0060722960422917565,0.010001428775539363,-0.010358622660380054,0.007858265466495214,0
2021-08-10,693.0,2977.15,761.55,3797.95,6170.1,14036.5,444.7,622.2,3637.2,912.6,142.2,4955.05,4769.75,2734.35,1490.6,1063.7,1507.65,670.3,2797.05,426.95,2381.8,2671.65,700.9,209.85,102.25,1033.6,1677.25,722.15,1813.25,1588.45,786.3,7001.95,114.35,18273.3,114.85,172.6,2088.05,1127.6,27117.65,426.45,793.35,3333.9,771.9,294.2,1373.6,1323.05,1799.2,771.1,7474.15,603.85,0.008874458874458842,0.01594516594516588,0.016089466089466056,0.020057720057720024,-0.0005050505050505379,0.01789321789321786,-0.008369408369408304,0
2021-08-11,699.15,2972.6,760.8,3727.15,6167.8,14206.2,450.0,620.85,3625.5,909.85,143.95,4919.1,4744.85,2718.25,1502.4,1066.95,1494.95,666.65,2781.6,436.65,2390.45,2658.5,693.55,208.65,104.65,1041.2,1677.55,749.1,1780.6,1583.3,778.7,7021.5,116.95,18167.8,117.0,176.35,2117.3,1135.4,26547.5,428.05,779.55,3344.2,765.0,295.45,1426.2,1323.6,1789.4,773.8,7452.45,601.25,0.00700851033397694,0.007151541157119359,0.011084888793535008,-0.009297003504255167,0.0089394264463992,-0.01709218336551517,-0.04412500893942648,-1
2021-08-12,704.05,2975.5,757.35,3769.35,6199.5,14340.7,448.15,623.15,3620.8,905.3,144.4,4908.85,4716.4,2616.55,1492.3,1096.5,1501.4,674.95,2782.95,437.25,2392.3,2668.75,701.35,208.9,104.1,1035.35,1689.6,748.9,1787.7,1623.45,776.2,7012.0,119.15,18133.85,116.25,187.0,2110.5,1134.05,26593.0,427.15,778.65,3351.75,774.25,306.0,1435.35,1386.55,1823.6,777.1,7468.7,605.85,0.0001420353668063671,0.0040480079539805735,-0.016192031815922135,0.0019174774518855519,-0.023932959306867282,-0.05077764363326469,-0.012286059228747927,-1
2021-08-13,704.15,2988.7,759.9,3825.75,6156.55,14317.5,454.9,637.05,3579.55,894.4,143.75,4948.7,4652.2,2546.8,1496.9,1119.45,1526.2,670.5,2772.2,442.05,2404.5,2704.15,704.8,211.45,104.65,1024.15,1712.2,749.05,1788.0,1668.4,778.65,7002.2,118.25,18269.55,116.1,184.75,2145.65,1138.6,26600.4,431.2,778.3,3463.4,807.45,307.25,1461.65,1383.15,1837.9,779.1,7460.7,615.5,0.0039054178797131296,-0.016331747496982178,0.0017751899453241498,-0.024071575658595374,-0.050912447631896646,-0.012426329617269048,0.023574522473904742,-1
2021-08-16,706.9,2971.4,762.0,3748.45,6377.15,14549.3,464.0,634.05,3655.3,888.25,142.0,4898.95,4661.15,2495.85,1490.9,1123.65,1530.6,673.55,2747.35,441.75,2426.4,2731.15,702.65,210.9,107.2,1019.0,1704.4,761.65,1782.35,1656.1,799.3,6826.85,118.85,18295.25,115.5,180.7,2173.5,1139.1,25978.55,424.85,780.8,3472.95,802.15,303.7,1519.4,1367.85,1837.2,772.8,7346.65,614.05,-0.020158438251520725,-0.002121940868581129,-0.02786815674069873,-0.054604611684821086,-0.016268213325788657,0.019592587353232455,0.020936483236667237,-1
2021-08-17,692.65,3015.3,756.75,3807.45,6410.1,14737.25,465.0,626.35,3696.5,904.65,139.25,4908.35,4700.5,2515.65,1481.0,1142.95,1514.65,669.4,2782.6,436.6,2483.8,2738.4,701.2,209.2,105.7,1000.2,1741.65,744.25,1788.35,1638.75,790.65,6885.4,117.4,18732.55,113.85,183.25,2164.25,1134.8,26200.25,421.5,784.15,3553.05,832.8,297.7,1503.7,1413.7,1874.45,760.75,7409.05,634.9,0.01840756514834332,-0.007868331769291751,-0.035154840106836095,0.003970259149642677,0.04056882985634884,0.04194037392622547,0.04959214610553674,-1
2021-08-18,705.4,3001.55,754.4,3833.05,6544.1,15006.35,463.5,622.95,3720.75,908.85,138.35,4910.45,4687.05,2589.65,1501.2,1134.25,1513.0,671.05,2763.6,426.95,2486.05,2710.75,688.3,208.95,106.2,989.65,1733.45,737.45,1749.7,1632.85,791.35,6840.1,116.55,18911.0,113.2,180.6,2172.65,1114.05,26327.3,419.7,782.9,3560.55,841.4,293.35,1500.45,1412.5,1880.3,762.2,7601.45,629.4,-0.025800963992061145,-0.05259427275304795,-0.014176353841791892,0.021760703147150586,0.02310745676212088,0.030620924298270517,0.03487383045080809,-1
2021-08-20,687.2,3112.95,740.25,3751.5,6661.1,14978.55,455.2,613.7,3895.95,890.85,135.6,4818.7,4556.0,2601.65,1484.65,1117.35,1514.75,667.85,2697.5,403.65,2619.4,2722.05,680.7,208.9,103.5,979.45,1732.95,684.6,1703.55,1593.6,785.65,6850.9,114.15,19571.25,110.2,178.6,2148.25,1125.3,26291.15,406.7,761.15,3559.5,847.3,283.1,1375.6,1399.2,1876.8,728.25,7493.35,620.05,-0.02750291036088488,0.011932479627473706,0.0488213038416763,0.05020372526193247,0.05791618160651914,0.0622817229336437,0.08891152502910347,1
2021-08-23,668.3,3077.45,736.1,3668.25,6752.2,15271.9,451.7,622.65,3866.25,898.35,133.95,4874.65,4514.85,2544.0,1440.65,1163.1,1524.6,668.8,2680.6,406.85,2634.15,2721.95,682.7,206.3,103.0,988.6,1738.75,684.2,1716.85,1580.75,765.9,6825.9,113.4,20021.05,111.75,175.65,2162.35,1135.45,25985.95,409.5,759.35,3637.4,832.5,276.95,1358.65,1416.0,1870.35,718.95,7351.0,628.85,0.04055065090528209,0.07848271734251092,0.07990423462516848,0.08783480472841546,0.09232380667364963,0.11970671853957804,0.11439473290438433,1
2021-08-24,695.4,3045.95,746.35,3714.75,6980.1,16461.7,456.4,620.1,3812.2,917.65,136.2,4863.2,4587.4,2547.9,1460.15,1152.9,1558.85,671.1,2675.85,420.85,2633.0,2691.25,694.45,205.75,105.9,1005.05,1720.85,691.65,1704.9,1605.8,778.15,6803.2,113.95,19779.85,113.2,176.6,2183.7,1160.4,26232.95,417.6,771.35,3613.2,836.9,279.8,1404.65,1463.35,1869.6,731.05,7455.35,633.55,0.03645383951682488,0.03781995973540418,0.045441472533793534,0.049755536381938484,0.07607132585562264,0.0709663503019845,0.0840523439746909,1
2021-08-25,720.75,3038.05,739.05,3689.65,6944.95,15904.4,460.7,612.45,3842.8,912.6,138.85,4856.5,4548.95,2579.5,1447.7,1154.35,1557.4,687.55,2673.95,430.7,2645.0,2699.25,691.05,206.4,106.1,1005.55,1735.55,683.85,1697.2,1593.8,772.05,6711.45,114.0,19909.85,115.65,175.5,2202.6,1156.15,26288.25,416.25,769.05,3659.0,836.0,284.4,1390.2,1463.1,1822.65,726.1,7382.35,631.65,0.0013180714533472708,0.008671522719389525,0.012833853624696497,0.03822407214706896,0.03329864724245578,0.04592438432188695,0.047381200138744334,1
2021-08-26,721.7,3039.65,746.35,3691.4,6931.95,15958.8,466.75,586.9,3930.9,911.3,137.3,4846.7,4503.5,2578.75,1439.05,1167.45,1554.8,698.85,2647.55,424.1,2666.4,2700.35,698.8,204.6,105.6,1001.5,1727.7,672.0,1697.5,1595.75,781.4,6608.6,112.75,20052.7,115.55,173.1,2230.45,1151.8,26556.05,410.75,760.55,3671.85,853.3,284.3,1375.05,1449.5,1815.35,719.65,7307.1,628.95,0.007343771650270132,0.011500623527781563,0.03685741998060123,0.031938478592212764,0.044547595953997474,0.04600249411112641,0.0408757101288624,1
2021-08-27,727.0,3036.8,752.4,3699.45,6966.6,16195.6,471.3,595.15,3941.55,923.9,138.55,4910.7,4600.55,2576.1,1458.3,1162.95,1548.45,704.1,2674.05,437.9,2677.95,2718.2,699.75,205.9,105.95,990.2,1708.8,677.5,1713.55,1638.1,775.15,6624.85,113.4,19957.35,116.65,174.35,2227.4,1184.05,26897.75,412.45,771.8,3720.15,847.95,285.75,1384.15,1445.4,1822.55,729.25,7565.6,634.95,0.0041265474552957355,0.029298486932599663,0.024415405777166437,0.03693259972489687,0.03837689133425031,0.03328748280605233,0.02544704264099037,1
2021-08-30,730.0,3108.75,784.05,3720.4,7165.5,16560.4,472.55,620.45,3986.35,934.7,143.6,5104.25,4677.85,2553.95,1471.15,1163.4,1568.25,712.35,2726.25,448.05,2687.7,2755.7,713.65,208.0,107.35,1005.1,1698.05,686.55,1735.85,1660.1,791.55,6796.9,114.95,19742.25,120.15,175.5,2270.25,1180.7,27157.85,422.7,787.2,3701.3,860.5,291.95,1440.6,1419.2,1878.45,740.45,7703.8,632.45,0.025068493150684868,0.020205479452054795,0.03267123287671236,0.03410958904109586,0.029041095890411022,0.021232876712328767,0.02308219178082195,1
2021-08-31,748.3,3201.35,786.5,3727.85,7524.5,17148.75,471.65,664.05,3997.5,947.8,145.85,5173.6,4704.05,2679.25,1500.4,1182.3,1581.4,717.75,2741.85,468.3,2724.1,2798.5,719.05,211.3,110.85,992.4,1706.45,687.6,1753.7,1672.2,793.3,6846.1,115.95,19467.75,120.55,175.35,2258.15,1192.05,28287.9,426.05,794.05,3786.45,864.95,287.3,1450.25,1447.65,1921.6,741.25,7832.45,640.95,-0.004744086596284852,0.0074168114392624196,0.008819991981825502,0.0038754510223173743,-0.003741814780168321,-0.0019377255111585352,0.0018709073900843125,0
2021-09-01,744.75,3302.75,798.9,3758.3,7519.6,16786.3,477.0,666.4,4015.35,922.85,144.2,5202.65,4763.45,2703.15,1486.0,1164.65,1579.1,718.55,2740.85,458.1,2732.9,2747.75,719.9,209.5,110.75,998.75,1677.75,676.65,1746.65,1686.4,769.9,6784.9,115.4,19826.85,119.7,175.65,2267.1,1220.5,28478.25,429.9,788.5,3714.95,867.45,295.25,1411.2,1436.3,1939.4,748.65,7766.95,642.05,0.01221886539107086,0.013628734474655894,0.00866062437059422,0.0010070493454179255,0.0028197381671702217,0.006646525679758369,0.0,0
2021-09-02,753.85,3301.6,802.7,3720.95,7498.45,16703.25,479.8,666.5,4086.1,955.25,141.6,5165.55,4859.7,2733.2,1499.25,1172.75,1589.0,759.0,2730.35,456.95,2801.05,2777.7,725.15,209.75,110.15,1010.1,1689.1,685.05,1776.4,1686.2,752.45,6792.9,116.5,20240.6,118.65,175.75,2294.4,1243.4,30323.25,429.75,789.95,3836.75,871.45,293.15,1425.1,1437.8,1967.1,753.35,7952.75,651.45,0.0013928500364793453,-0.0035152881873051363,-0.01107647409962197,-0.009285666909862704,-0.0055050739537042875,0.0,0.0,0
2021-09-03,754.9,3338.8,798.0,3757.5,7523.4,16734.35,491.3,658.45,4124.2,941.1,146.35,5208.3,4898.55,2802.6,1510.45,1174.75,1576.05,734.4,2799.45,461.3,2766.7,2758.6,724.3,210.6,113.1,1003.75,1700.65,690.9,1791.85,1691.5,749.9,6863.1,117.0,20266.65,123.1,175.55,2388.5,1244.15,30440.8,431.4,789.4,3842.05,869.85,295.55,1443.65,1441.95,2019.3,752.8,7929.85,655.1,-0.004901311431977655,-0.012451980394754243,-0.010663664061465034,-0.006888329580076741,0.0,0.0,0.0,0
2021-09-06,751.2,3315.55,800.8,3781.1,7506.35,16747.0,490.8,654.6,4079.05,950.2,146.35,5205.1,4915.95,2844.9,1531.0,1200.15,1565.7,736.05,2817.2,469.25,2780.6,2765.3,721.15,209.3,111.6,991.95,1730.4,686.65,1774.55,1694.2,754.75,6846.9,116.45,20223.2,121.65,174.1,2425.6,1244.65,30535.55,431.05,784.25,3852.0,870.05,297.45,1437.0,1461.15,2020.65,755.75,7952.6,686.45,-0.007587859424920188,-0.00579073482428118,-0.001996805111821086,0.0,0.0,0.0,0.0,0
2021-09-07,745.5,3336.25,787.85,3770.7,7457.3,16781.2,481.95,670.55,4095.45,950.5,147.2,5210.1,4897.45,2823.15,1554.45,1182.2,1569.25,734.25,2797.75,462.3,2777.7,2837.0,716.9,211.75,111.85,1001.25,1706.65,683.8,1764.85,1681.7,753.1,6877.15,115.85,20368.45,119.95,173.0,2440.9,1238.75,30653.6,429.1,769.9,3815.9,868.3,294.6,1428.7,1435.2,2033.9,752.05,8026.25,674.25,0.0018108651911469117,0.0056338028169014695,0.0,0.0,0.0,0.0,0.0,0
2021-09-08,746.85,3336.6,794.7,3725.35,7463.2,16560.75,489.55,667.85,4061.4,951.8,149.15,5085.05,4911.3,2800.0,1576.7,1188.8,1576.4,743.65,2798.35,456.3,2800.9,2829.3,720.95,211.25,112.6,999.6,1693.25,687.05,1815.35,1666.55,754.75,6781.25,114.05,19839.6,118.95,172.85,2431.35,1220.05,30794.8,431.35,777.45,3774.15,879.8,295.25,1429.85,1427.85,2055.95,762.0,7992.9,662.2,0.003816027314721862,0.0,0.0,0.0,0.0,0.0,0.0,0
2021-09-09,749.7,3346.35,790.15,3700.6,7430.65,16750.5,491.15,686.15,4070.8,949.3,148.65,5054.9,4912.05,2818.2,1597.9,1198.55,1568.6,737.35,2796.7,463.55,2810.65,2830.1,720.25,212.65,112.8,999.5,1691.6,688.95,1817.85,1670.05,750.75,6802.25,114.55,20457.2,122.15,173.5,2425.6,1173.2,30671.35,432.3,776.3,3791.4,875.6,298.95,1447.0,1433.25,2034.3,757.9,7939.65,662.35,0.0,0.0,0.0,0.0,0.0,0.0,0.0,0
